text,label,notes
The Boston looked better because their pick-and-roll defense forced the Lakers into late-clock shots all night.,analysis,"synthetic example; uses reasoning, evidence, tactical explanation, or specific basketball logic"
Luka was not just scoring; he controlled the pace by drawing doubles and creating open corner threes.,analysis,"synthetic example; uses reasoning, evidence, tactical explanation, or specific basketball logic"
The difference was rebounding. Dallas gave up too many second-chance points in the fourth quarter.,analysis,"synthetic example; uses reasoning, evidence, tactical explanation, or specific basketball logic"
Tatum's efficiency matters here because he scored without needing a high usage rate.,analysis,"synthetic example; uses reasoning, evidence, tactical explanation, or specific basketball logic"
"The bench minutes decided the game because Golden State's starters were fine, but the second unit lost the lead.",analysis,"synthetic example; uses reasoning, evidence, tactical explanation, or specific basketball logic"
Minnesota struggled when Curry sat because they had no secondary playmaker to organize the offense.,analysis,"synthetic example; uses reasoning, evidence, tactical explanation, or specific basketball logic"
The box score hides how important Shai's defense was on switches against guards.,analysis,"synthetic example; uses reasoning, evidence, tactical explanation, or specific basketball logic"
New York should keep using small-ball lineups because it opens the floor for drives and kickouts.,analysis,"synthetic example; uses reasoning, evidence, tactical explanation, or specific basketball logic"
The spacing improved once Phoenix put another shooter in the weak-side corner.,analysis,"synthetic example; uses reasoning, evidence, tactical explanation, or specific basketball logic"
Brunson had a quiet impact because his screens created most of the clean looks.,analysis,"synthetic example; uses reasoning, evidence, tactical explanation, or specific basketball logic"
"The defense was overhelping on drives, which left shooters wide open above the break.",analysis,"synthetic example; uses reasoning, evidence, tactical explanation, or specific basketball logic"
The matchup changed after halftime because Denver started trapping the ball handler earlier.,analysis,"synthetic example; uses reasoning, evidence, tactical explanation, or specific basketball logic"
"Giannis's turnovers were costly, but most came from trying to pass out of double teams.",analysis,"synthetic example; uses reasoning, evidence, tactical explanation, or specific basketball logic"
The real issue is not effort; it is that Milwaukee lacks rim protection when their center sits.,analysis,"synthetic example; uses reasoning, evidence, tactical explanation, or specific basketball logic"
Golden State's offense became predictable because they kept running the same isolation sets late.,analysis,"synthetic example; uses reasoning, evidence, tactical explanation, or specific basketball logic"
This was a good win because Minnesota adjusted after struggling against zone defense in the first half.,analysis,"synthetic example; uses reasoning, evidence, tactical explanation, or specific basketball logic"
Shai is valuable because he can defend multiple positions while still spacing the floor.,analysis,"synthetic example; uses reasoning, evidence, tactical explanation, or specific basketball logic"
The three-point shooting was not random; most of the makes came from clean looks created by paint touches.,analysis,"synthetic example; uses reasoning, evidence, tactical explanation, or specific basketball logic"
Phoenix lost because they could not contain transition offense after long rebounds.,analysis,"synthetic example; uses reasoning, evidence, tactical explanation, or specific basketball logic"
Brunson's plus-minus makes sense because the offense flowed better whenever he initiated actions.,analysis,"synthetic example; uses reasoning, evidence, tactical explanation, or specific basketball logic"
"The late-game problem was shot selection, not just missed shots.",analysis,"synthetic example; uses reasoning, evidence, tactical explanation, or specific basketball logic"
Denver needs another ball handler because pressure defense clearly disrupted their half-court sets.,analysis,"synthetic example; uses reasoning, evidence, tactical explanation, or specific basketball logic"
The coach deserves credit for changing the rotation and staggering Giannis's minutes.,analysis,"synthetic example; uses reasoning, evidence, tactical explanation, or specific basketball logic"
Tatum's scoring jump is believable because his free throw rate and shot quality have both improved.,analysis,"synthetic example; uses reasoning, evidence, tactical explanation, or specific basketball logic"
The defense worked because Golden State kept forcing the ball toward help instead of allowing middle drives.,analysis,"synthetic example; uses reasoning, evidence, tactical explanation, or specific basketball logic"
"This game showed why defensive rebounding is part of defense, not a separate issue.",analysis,"synthetic example; uses reasoning, evidence, tactical explanation, or specific basketball logic"
"Shai did not shoot well, but his passing still created efficient possessions.",analysis,"synthetic example; uses reasoning, evidence, tactical explanation, or specific basketball logic"
New York can win this series if they keep attacking the weaker defender in switches.,analysis,"synthetic example; uses reasoning, evidence, tactical explanation, or specific basketball logic"
The fourth quarter collapse happened because Phoenix stopped moving the ball and settled for contested jumpers.,analysis,"synthetic example; uses reasoning, evidence, tactical explanation, or specific basketball logic"
The numbers support Brunson's case because his efficiency stays high even against strong defenses.,analysis,"synthetic example; uses reasoning, evidence, tactical explanation, or specific basketball logic"
Boston's zone worked because it baited the opponent into long twos.,analysis,"synthetic example; uses reasoning, evidence, tactical explanation, or specific basketball logic"
The game plan was smart: make Luka score one-on-one instead of letting him create for everyone else.,analysis,"synthetic example; uses reasoning, evidence, tactical explanation, or specific basketball logic"
"The biggest adjustment should be limiting turnovers, since live-ball turnovers fueled fast breaks.",analysis,"synthetic example; uses reasoning, evidence, tactical explanation, or specific basketball logic"
Tatum has improved as a passer because he is reading the weak-side help earlier.,analysis,"synthetic example; uses reasoning, evidence, tactical explanation, or specific basketball logic"
"Golden State lost the paint battle, and that affected both scoring and foul pressure.",analysis,"synthetic example; uses reasoning, evidence, tactical explanation, or specific basketball logic"
The offense looked better when Curry played off the ball instead of initiating every possession.,analysis,"synthetic example; uses reasoning, evidence, tactical explanation, or specific basketball logic"
Oklahoma City should not panic because many of the opponent's makes were contested shots.,analysis,"synthetic example; uses reasoning, evidence, tactical explanation, or specific basketball logic"
The defensive scheme failed because the big kept dropping too deep against pull-up shooters.,analysis,"synthetic example; uses reasoning, evidence, tactical explanation, or specific basketball logic"
Booker's value is obvious when you compare the team's net rating with and without him.,analysis,"synthetic example; uses reasoning, evidence, tactical explanation, or specific basketball logic"
"The team with better shot quality won, even though the final score made it look closer than it was.",analysis,"synthetic example; uses reasoning, evidence, tactical explanation, or specific basketball logic"
Jokic is underrated because his help defense prevents drives before they become obvious box-score plays.,analysis,"synthetic example; uses reasoning, evidence, tactical explanation, or specific basketball logic"
The key was tempo. Denver forced misses and ran before the defense could get set.,analysis,"synthetic example; uses reasoning, evidence, tactical explanation, or specific basketball logic"
The loss exposed a roster issue: Dallas lacks wings who can both shoot and defend.,analysis,"synthetic example; uses reasoning, evidence, tactical explanation, or specific basketball logic"
"The stats do not tell the whole story, but they show Tatum created more efficient chances than anyone else.",analysis,"synthetic example; uses reasoning, evidence, tactical explanation, or specific basketball logic"
The late timeout helped because it stopped the run and let Golden State reset their spacing.,analysis,"synthetic example; uses reasoning, evidence, tactical explanation, or specific basketball logic"
Minnesota needs to attack the rim more because settling for threes let the defense stay comfortable.,analysis,"synthetic example; uses reasoning, evidence, tactical explanation, or specific basketball logic"
The switching scheme worked until Oklahoma City started hunting mismatches with their bigger guards.,analysis,"synthetic example; uses reasoning, evidence, tactical explanation, or specific basketball logic"
Ant's defense on the final possession was excellent because he forced a tough sidestep jumper.,analysis,"synthetic example; uses reasoning, evidence, tactical explanation, or specific basketball logic"
The problem was not the star player; the role players missed too many open shots.,analysis,"synthetic example; uses reasoning, evidence, tactical explanation, or specific basketball logic"
This performance is sustainable if Miami keeps generating corner threes instead of above-the-break pullups.,analysis,"synthetic example; uses reasoning, evidence, tactical explanation, or specific basketball logic"
Jokic should close games because his decision-making is better than the other guard's.,analysis,"synthetic example; uses reasoning, evidence, tactical explanation, or specific basketball logic"
The offense stagnated because there was no weak-side movement after the first action.,analysis,"synthetic example; uses reasoning, evidence, tactical explanation, or specific basketball logic"
"Dallas's win came from forcing turnovers, not from unusually hot shooting.",analysis,"synthetic example; uses reasoning, evidence, tactical explanation, or specific basketball logic"
The matchup favors Milwaukee because they have more size on the perimeter.,analysis,"synthetic example; uses reasoning, evidence, tactical explanation, or specific basketball logic"
LeBron's improvement is real because his shot selection is cleaner than last season.,analysis,"synthetic example; uses reasoning, evidence, tactical explanation, or specific basketball logic"
The defense should go under screens against non-shooters instead of switching everything.,analysis,"synthetic example; uses reasoning, evidence, tactical explanation, or specific basketball logic"
The comeback started when Oklahoma City increased ball pressure and denied easy entries.,analysis,"synthetic example; uses reasoning, evidence, tactical explanation, or specific basketball logic"
The rebounding gap mattered because it gave New York almost an extra quarter of possessions.,analysis,"synthetic example; uses reasoning, evidence, tactical explanation, or specific basketball logic"
Booker was effective because he attacked closeouts instead of forcing contested threes.,analysis,"synthetic example; uses reasoning, evidence, tactical explanation, or specific basketball logic"
The rotation needs adjustment because the all-bench lineup cannot create offense.,analysis,"synthetic example; uses reasoning, evidence, tactical explanation, or specific basketball logic"
"Boston defended well, but fouling late erased several good possessions.",analysis,"synthetic example; uses reasoning, evidence, tactical explanation, or specific basketball logic"
The best sign for Denver is that they won without relying on unsustainable shooting.,analysis,"synthetic example; uses reasoning, evidence, tactical explanation, or specific basketball logic"
Giannis is not just putting up numbers; his reads are making the entire offense harder to guard.,analysis,"synthetic example; uses reasoning, evidence, tactical explanation, or specific basketball logic"
"The opponent adjusted by sending help earlier, and Milwaukee did not punish it quickly enough.",analysis,"synthetic example; uses reasoning, evidence, tactical explanation, or specific basketball logic"
"The game was decided in transition, where Golden State repeatedly failed to match up.",analysis,"synthetic example; uses reasoning, evidence, tactical explanation, or specific basketball logic"
The playoff concern is whether Minnesota can score efficiently when the game slows down.,analysis,"synthetic example; uses reasoning, evidence, tactical explanation, or specific basketball logic"
Shai's impact is bigger than points because he bends the defense on every drive.,analysis,"synthetic example; uses reasoning, evidence, tactical explanation, or specific basketball logic"
The defensive glass has to improve or New York will keep wasting good initial stops.,analysis,"synthetic example; uses reasoning, evidence, tactical explanation, or specific basketball logic"
The final possession was poorly designed because there was no second option after the first action failed.,analysis,"synthetic example; uses reasoning, evidence, tactical explanation, or specific basketball logic"
Miami looked prepared because they targeted the same mismatch all game.,analysis,"synthetic example; uses reasoning, evidence, tactical explanation, or specific basketball logic"
Jokic is completely overrated and nobody can convince me otherwise.,hot_take,synthetic example; strong opinion with little or no supporting evidence
Denver is cooked. This season is already over.,hot_take,synthetic example; strong opinion with little or no supporting evidence
Giannis is better than every legend people keep comparing him to.,hot_take,synthetic example; strong opinion with little or no supporting evidence
This coach has no idea what he is doing.,hot_take,synthetic example; strong opinion with little or no supporting evidence
Golden State will never win anything with this core.,hot_take,synthetic example; strong opinion with little or no supporting evidence
Curry is the most fake superstar in the league.,hot_take,synthetic example; strong opinion with little or no supporting evidence
Blow the whole roster up tomorrow.,hot_take,synthetic example; strong opinion with little or no supporting evidence
Ant should not even be in the MVP conversation.,hot_take,synthetic example; strong opinion with little or no supporting evidence
Phoenix fans are delusional if they think this team is a contender.,hot_take,synthetic example; strong opinion with little or no supporting evidence
That trade was a disaster from the second it happened.,hot_take,synthetic example; strong opinion with little or no supporting evidence
Jokic is washed and everyone is afraid to say it.,hot_take,synthetic example; strong opinion with little or no supporting evidence
This team is all hype and no substance.,hot_take,synthetic example; strong opinion with little or no supporting evidence
Giannis owns this entire league right now.,hot_take,synthetic example; strong opinion with little or no supporting evidence
The refs are the only reason Milwaukee ever wins.,hot_take,synthetic example; strong opinion with little or no supporting evidence
Golden State has zero chance in the playoffs.,hot_take,synthetic example; strong opinion with little or no supporting evidence
"Curry is a stat padder, plain and simple.",hot_take,synthetic example; strong opinion with little or no supporting evidence
The league is soft now and this game proves it.,hot_take,synthetic example; strong opinion with little or no supporting evidence
New York should be embarrassed to call themselves contenders.,hot_take,synthetic example; strong opinion with little or no supporting evidence
Booker is already better than Kobe.,hot_take,synthetic example; strong opinion with little or no supporting evidence
No serious team should be scared of Miami.,hot_take,synthetic example; strong opinion with little or no supporting evidence
This is the worst bench in basketball history.,hot_take,synthetic example; strong opinion with little or no supporting evidence
Luka disappears whenever the lights get bright.,hot_take,synthetic example; strong opinion with little or no supporting evidence
Dallas is winning the title and it will not even be close.,hot_take,synthetic example; strong opinion with little or no supporting evidence
That contract is going to ruin the franchise.,hot_take,synthetic example; strong opinion with little or no supporting evidence
LeBron is not him.,hot_take,synthetic example; strong opinion with little or no supporting evidence
The media only pushes Curry because they like the story.,hot_take,synthetic example; strong opinion with little or no supporting evidence
Oklahoma City is a first-round exit waiting to happen.,hot_take,synthetic example; strong opinion with little or no supporting evidence
This era of basketball is just chucking threes.,hot_take,synthetic example; strong opinion with little or no supporting evidence
Booker has no bag at all.,hot_take,synthetic example; strong opinion with little or no supporting evidence
Anyone defending this team is coping.,hot_take,synthetic example; strong opinion with little or no supporting evidence
Boston got exposed tonight.,hot_take,synthetic example; strong opinion with little or no supporting evidence
Luka is carrying a bunch of bums.,hot_take,synthetic example; strong opinion with little or no supporting evidence
This front office should all be fired.,hot_take,synthetic example; strong opinion with little or no supporting evidence
Milwaukee is the fakest one seed I have ever seen.,hot_take,synthetic example; strong opinion with little or no supporting evidence
LeBron is not a winning player.,hot_take,synthetic example; strong opinion with little or no supporting evidence
The league wants Minnesota in the Finals.,hot_take,synthetic example; strong opinion with little or no supporting evidence
This game proves Shai is better than everyone else.,hot_take,synthetic example; strong opinion with little or no supporting evidence
New York should trade everyone except the mascot.,hot_take,synthetic example; strong opinion with little or no supporting evidence
That was the most fraudulent win of the season.,hot_take,synthetic example; strong opinion with little or no supporting evidence
Brunson is a playoff choker.,hot_take,synthetic example; strong opinion with little or no supporting evidence
Boston is only good because the conference is weak.,hot_take,synthetic example; strong opinion with little or no supporting evidence
This roster has no heart.,hot_take,synthetic example; strong opinion with little or no supporting evidence
"Giannis is the future GOAT, no debate.",hot_take,synthetic example; strong opinion with little or no supporting evidence
I have seen enough. Cancel the season and give Milwaukee the trophy.,hot_take,synthetic example; strong opinion with little or no supporting evidence
The coach lost the locker room.,hot_take,synthetic example; strong opinion with little or no supporting evidence
Curry is just empty calories.,hot_take,synthetic example; strong opinion with little or no supporting evidence
Oklahoma City will get swept by any real opponent.,hot_take,synthetic example; strong opinion with little or no supporting evidence
Nobody on this roster deserves praise.,hot_take,synthetic example; strong opinion with little or no supporting evidence
Booker is the biggest problem on the team.,hot_take,synthetic example; strong opinion with little or no supporting evidence
This team is allergic to winning.,hot_take,synthetic example; strong opinion with little or no supporting evidence
Boston is the most overrated squad in the league.,hot_take,synthetic example; strong opinion with little or no supporting evidence
Luka is better than prime Jordan.,hot_take,synthetic example; strong opinion with little or no supporting evidence
Every national analyst is wrong about Dallas.,hot_take,synthetic example; strong opinion with little or no supporting evidence
This loss proves the entire rebuild failed.,hot_take,synthetic example; strong opinion with little or no supporting evidence
The NBA is rigged whenever Golden State loses.,hot_take,synthetic example; strong opinion with little or no supporting evidence
Curry is a glorified role player.,hot_take,synthetic example; strong opinion with little or no supporting evidence
This team has no killers.,hot_take,synthetic example; strong opinion with little or no supporting evidence
New York should tank immediately.,hot_take,synthetic example; strong opinion with little or no supporting evidence
Booker is the only real hooper on the court.,hot_take,synthetic example; strong opinion with little or no supporting evidence
That performance was legacy-destroying.,hot_take,synthetic example; strong opinion with little or no supporting evidence
Boston is not built for real basketball.,hot_take,synthetic example; strong opinion with little or no supporting evidence
This front office built a disasterclass.,hot_take,synthetic example; strong opinion with little or no supporting evidence
Giannis is carried by the system.,hot_take,synthetic example; strong opinion with little or no supporting evidence
The hype around Milwaukee needs to stop.,hot_take,synthetic example; strong opinion with little or no supporting evidence
This is why LeBron will never be respected.,hot_take,synthetic example; strong opinion with little or no supporting evidence
WHAT A SHOT!!!,reaction,synthetic example; immediate emotional response
I cannot believe that just happened.,reaction,synthetic example; immediate emotional response
LET'S GOOOOOO!,reaction,synthetic example; immediate emotional response
That ending was insane.,reaction,synthetic example; immediate emotional response
My heart cannot take this game.,reaction,synthetic example; immediate emotional response
No way they blew that lead.,reaction,synthetic example; immediate emotional response
This game is pure chaos.,reaction,synthetic example; immediate emotional response
I am screaming right now.,reaction,synthetic example; immediate emotional response
That dunk was disgusting.,reaction,synthetic example; immediate emotional response
I need a replay immediately.,reaction,synthetic example; immediate emotional response
How did he make that?,reaction,synthetic example; immediate emotional response
This crowd is losing its mind.,reaction,synthetic example; immediate emotional response
I am actually speechless.,reaction,synthetic example; immediate emotional response
That block saved the game.,reaction,synthetic example; immediate emotional response
This is why I love basketball.,reaction,synthetic example; immediate emotional response
What are we watching right now?,reaction,synthetic example; immediate emotional response
I jumped out of my chair.,reaction,synthetic example; immediate emotional response
That pass was beautiful.,reaction,synthetic example; immediate emotional response
This quarter is ridiculous.,reaction,synthetic example; immediate emotional response
I cannot stop laughing.,reaction,synthetic example; immediate emotional response
That was so clutch.,reaction,synthetic example; immediate emotional response
The arena is going crazy.,reaction,synthetic example; immediate emotional response
This game turned so fast.,reaction,synthetic example; immediate emotional response
I did not expect this at all.,reaction,synthetic example; immediate emotional response
That miss hurt my soul.,reaction,synthetic example; immediate emotional response
They really pulled it off.,reaction,synthetic example; immediate emotional response
This is a movie.,reaction,synthetic example; immediate emotional response
That sequence was wild.,reaction,synthetic example; immediate emotional response
I am stressed beyond words.,reaction,synthetic example; immediate emotional response
What a comeback!,reaction,synthetic example; immediate emotional response
That was ice cold.,reaction,synthetic example; immediate emotional response
I need overtime now.,reaction,synthetic example; immediate emotional response
This is embarrassing.,reaction,synthetic example; immediate emotional response
I am in disbelief.,reaction,synthetic example; immediate emotional response
That was nasty.,reaction,synthetic example; immediate emotional response
The bench reaction is everything.,reaction,synthetic example; immediate emotional response
I cannot breathe after that possession.,reaction,synthetic example; immediate emotional response
This ending is unreal.,reaction,synthetic example; immediate emotional response
That shot silenced everybody.,reaction,synthetic example; immediate emotional response
The vibes are immaculate.,reaction,synthetic example; immediate emotional response
I hate this team sometimes.,reaction,synthetic example; immediate emotional response
This is painful to watch.,reaction,synthetic example; immediate emotional response
That was beautiful basketball.,reaction,synthetic example; immediate emotional response
What a disaster.,reaction,synthetic example; immediate emotional response
This is hilarious.,reaction,synthetic example; immediate emotional response
He really did that.,reaction,synthetic example; immediate emotional response
That was the loudest I have heard this arena.,reaction,synthetic example; immediate emotional response
I am never recovering from this loss.,reaction,synthetic example; immediate emotional response
This is peak NBA drama.,reaction,synthetic example; immediate emotional response
That celebration was perfect.,reaction,synthetic example; immediate emotional response
I am so tired of these fourth quarters.,reaction,synthetic example; immediate emotional response
That felt personal.,reaction,synthetic example; immediate emotional response
This game has everything.,reaction,synthetic example; immediate emotional response
I just yelled at my TV.,reaction,synthetic example; immediate emotional response
That was a brutal turnover.,reaction,synthetic example; immediate emotional response
The crowd knew it was over.,reaction,synthetic example; immediate emotional response
I cannot believe they survived that.,reaction,synthetic example; immediate emotional response
This team is going to give me gray hair.,reaction,synthetic example; immediate emotional response
That buzzer beater was unreal.,reaction,synthetic example; immediate emotional response
This is the funniest collapse ever.,reaction,synthetic example; immediate emotional response
I am shaking.,reaction,synthetic example; immediate emotional response
That was a grown-man finish.,reaction,synthetic example; immediate emotional response
No no no no no.,reaction,synthetic example; immediate emotional response
This game is drunk.,reaction,synthetic example; immediate emotional response
That was pure cinema.,reaction,synthetic example; immediate emotional response
